INSERT INTO `participant` (`id`, `name`, `password`) VALUES
(83, 'user1', PASSWORD('password')),
(84, 'user2', PASSWORD('password')),
(85, 'user3', PASSWORD('password')),
(86, 'user4', PASSWORD('password')),
(87, 'user5', PASSWORD('password')),
(88, 'user6', PASSWORD('password')),
(89, 'user7', PASSWORD('password')),
(90, 'user8', PASSWORD('password')),
(91, 'user9', PASSWORD('password')),
(92, 'user10', PASSWORD('password')),
(93, 'user11', PASSWORD('password')),
(94, 'user12', PASSWORD('password')),
(95, 'user13', PASSWORD('password')),
(96, 'user14', PASSWORD('password')),
(97, 'user15', PASSWORD('password')),
(98, 'user16', PASSWORD('password')),
(99, 'user17', PASSWORD('password')),
(100, 'user18', PASSWORD('password')),
(101, 'user19', PASSWORD('password')),
(102, 'user20', PASSWORD('password')),
(103, 'user21', PASSWORD('password')),
(104, 'user22', PASSWORD('password')),
(105, 'user23', PASSWORD('password')),
(106, 'user24', PASSWORD('password')),
(107, 'user25', PASSWORD('password')),
(108, 'user26', PASSWORD('password')),
(109, 'user27', PASSWORD('password')),
(110, 'user28', PASSWORD('password')),
(111, 'user29', PASSWORD('password')),
(112, 'user30', PASSWORD('password')),
(113, 'user31', PASSWORD('password')),
(114, 'user32', PASSWORD('password')),
(115, 'user33', PASSWORD('password')),
(116, 'user34', PASSWORD('password')),
(117, 'user35', PASSWORD('password')),
(118, 'user36', PASSWORD('password')),
(119, 'user37', PASSWORD('password')),
(120, 'user38', PASSWORD('password')),
(121, 'user39', PASSWORD('password')),
(122, 'user40', PASSWORD('password')),
(123, 'user41', PASSWORD('password')),
(124, 'user42', PASSWORD('password')),
(125, 'user43', PASSWORD('password')),
(126, 'user44', PASSWORD('password')),
(127, 'user45', PASSWORD('password')),
(128, 'user46', PASSWORD('password')),
(129, 'user47', PASSWORD('password'));

INSERT INTO `workshop` (`id`, `round_id`, `location_id`, `name`, `description`, `published`, `votes`, `available`) VALUES
(47, 2, 1, 'Discussion on IPv6 implementation', 'Ask all your IPv6 questions', 1, 12.25, 11),
(48, NULL, NULL, 'IP Codecs - Point to point audio streaming', 'Specifically, radio station studio transmitter links over less than reliable Internet connections. ', 1, 4.25, NULL),
(49, 2, 2, 'Sharepoint', 'Specifically Office 365. How do you NOT get it wrong? And what have you successfully used it for? ', 1, 9, 8),
(50, NULL, NULL, 'IT for spreading the Gospel/Missionfield', 'In this BOF I like to talk about the how we can use IT for spreading the Gospel or to support the missionfield. We can brainstorm about the need etc. ', 1, 3.5, NULL),
(51, NULL, NULL, 'Inventory and license management and helpdesk software', 'Having needed a solution that would show me all machines and their corresponding licenses, I found a very easy to use solution. The discussion would revolve around different solutions we have used and implemented.', 1, 2.25, NULL),
(52, NULL, NULL, '', '', 1, 0, NULL),
(53, NULL, NULL, 'Federated identity', 'I would like to find out more about Federated ID\'s', 1, 4, NULL),
(54, 3, 3, 'Microsoft Cloud...', 'Have you moved to or used MS Cloud?  Please share what you have learned.', 1, 5.75, 3),
(55, NULL, NULL, 'Great Bible study software', 'There is much good software to help us study the Bible, but lots of Christian software could be improved substantially. Let\'s talk about how!', 1, 5.5, NULL),
(56, 3, 1, 'EU Privacy Regulations', 'The EU is making new privacy laws this year. What do we know, and what we should do.', 1, 12, 11),
(57, NULL, NULL, 'DevOps', 'Anybody out there using configuration management tools such as saltstack\'s salt, or puppet, chef, ansible etc?', 1, 1, NULL),
(58, NULL, NULL, 'secure voip', 'Are you using a voip system to comunicate in your org? \r\nWhat are your experiences, what works, what not.', 1, 2.5, NULL),
(59, NULL, NULL, 'Mobile media library box', 'Come do hands on build of a pocket sized battery operated mobile WiFi server for delivering audio, video, text to mobile devices.  7.3 B people with 75% having mobile phones...  ', 1, 3.5, NULL),
(60, 2, 3, 'Empowering great teams', 'Exchange some experience how we can create powerful teams / team culture, who take responsibility without burning out and who support each other and the common goals with providing valuable feedback to the leadership and each other.', 1, 6, 5),
(61, 1, 3, 'Church websites are terrible! How can we change it?', 'We make sure that our church buildings are nice and tidy, services are well organized and worship has good music. Yet,  our websites are terrible.\r\nHow can we change it? How do we convince others that it\'s important?', 1, 6.75, 5),
(62, 3, 2, 'Why or Why not move from Windows 7 to Windows 10', '', 1, 11.75, 8),
(63, 1, 1, 'Is computer Encryption still a valid way of protecting your data', 'or are there other ways to keep privacy ', 1, 15, 13),
(64, NULL, NULL, 'Implementing CiviCRM', 'Participants of the workshop will have more opportunity to share questions, to try out features etc.', 1, 0.25, NULL),
(65, NULL, NULL, 'Drupal CMS', 'Users or people considering to use it, share experience ', 1, 0, NULL),
(66, NULL, NULL, 'User Interface Design', 'How do you know your user interface is good or bad and how do you get better? What resources have helped you?', 1, 3.5, NULL),
(67, 1, 2, 'Demo to OwnCloud', 'What is OwnCloud...', 1, 7, 4);

INSERT INTO `workshop_participant` (`id`, `workshop_id`, `participant_id`, `leader`, `participant`) VALUES
(839, 52, 95, 0, 0),
(840, 61, 95, 0, 0),
(841, 67, 95, 0, 0.25),
(842, 57, 95, 0, 0),
(843, 47, 95, 0, 0),
(844, 65, 95, 0, 0),
(845, 60, 95, 0, 0),
(846, 56, 95, 0, 1),
(847, 53, 95, 0, 1),
(848, 55, 95, 0, 0),
(849, 51, 95, 0, 0.25),
(850, 63, 95, 0, 0.25),
(851, 50, 95, 0, 0),
(852, 54, 95, 0, 1),
(853, 59, 95, 0, 0),
(854, 58, 95, 0, 0),
(855, 49, 95, 0, 0.25),
(856, 66, 95, 0, 0),
(857, 62, 95, 0, 0.25),
(858, 54, 115, 0, 0.25),
(859, 53, 115, 0, 1),
(860, 56, 115, 0, 1),
(861, 57, 115, 0, 0.25),
(862, 47, 115, 0, 1),
(863, 63, 97, 0, 1),
(864, 62, 97, 0, 1),
(865, 47, 97, 0, 1),
(866, 53, 110, 0, 0.25),
(867, 54, 110, 0, 0.25),
(868, 47, 110, 0, 1),
(869, 56, 110, 0, 0.25),
(870, 63, 110, 0, 1),
(871, 62, 110, 0, 1),
(872, 49, 110, 0, 0.25),
(873, 67, 110, 0, 0.25),
(874, 58, 110, 0, 0.25),
(875, 47, 83, 0, 1),
(876, 56, 83, 0, 0.25),
(877, 63, 83, 0, 0.25),
(878, 62, 83, 0, 1),
(879, 51, 83, 0, 0.25),
(880, 67, 83, 0, 1),
(881, 64, 83, 0, 0.25),
(882, 56, 98, 0, 0.25),
(883, 60, 98, 0, 0.25),
(884, 61, 98, 0, 1),
(885, 55, 98, 1, 1),
(886, 66, 98, 0, 1),
(887, 47, 116, 0, 0),
(888, 62, 116, 0, 0),
(889, 63, 116, 0, 1),
(890, 56, 116, 0, 1),
(891, 53, 116, 0, 0.25),
(892, 54, 116, 0, 0),
(893, 67, 116, 0, 0),
(894, 49, 116, 0, 0),
(895, 48, 116, 0, 0.25),
(896, 51, 116, 0, 0),
(897, 57, 116, 0, 0),
(898, 60, 116, 0, 0),
(899, 64, 116, 0, 0),
(900, 58, 116, 0, 1),
(901, 52, 116, 0, 0),
(902, 61, 116, 0, 0),
(903, 65, 116, 0, 0),
(904, 55, 116, 0, 0.25),
(905, 50, 116, 0, 0.25),
(906, 59, 116, 0, 0.25),
(907, 66, 116, 0, 0),
(921, 56, 117, 0, 1),
(922, 63, 117, 0, 1),
(923, 67, 117, 0, 1),
(924, 47, 117, 0, 0.25),
(925, 62, 117, 0, 0.25),
(926, 53, 117, 0, 0.25),
(927, 58, 117, 0, 0.25),
(928, 61, 117, 0, 0.25),
(929, 66, 117, 0, 0.25),
(930, 51, 117, 0, 0.25),
(931, 60, 117, 0, 0.25),
(932, 50, 117, 0, 0.25),
(933, 63, 89, 1, 1),
(934, 62, 89, 0, 1),
(935, 50, 89, 0, 1),
(936, 56, 120, 0, 1),
(937, 63, 120, 0, 1),
(938, 47, 120, 0, 1),
(939, 56, 119, 0, 1),
(940, 63, 119, 0, 0.25),
(941, 47, 119, 0, 1),
(942, 62, 119, 0, 1),
(943, 47, 111, 0, 0.25),
(944, 53, 111, 0, 0.25),
(945, 63, 111, 0, 0.25),
(946, 54, 111, 0, 0.25),
(947, 62, 111, 0, 0.25),
(948, 56, 111, 0, 1),
(949, 49, 111, 0, 1),
(950, 48, 111, 0, 1),
(951, 67, 111, 0, 0.25),
(952, 60, 111, 0, 0.25),
(953, 58, 111, 0, 0.25),
(954, 61, 111, 0, 0.25),
(955, 59, 111, 0, 0.25),
(956, 53, 100, 0, 0.25),
(957, 54, 100, 0, 0.25),
(958, 61, 100, 0, 1),
(959, 55, 100, 0, 1),
(960, 60, 100, 0, 1),
(961, 49, 92, 0, 1),
(962, 48, 92, 0, 1),
(963, 51, 92, 0, 0.25),
(964, 59, 92, 0, 1),
(965, 56, 121, 0, 1),
(966, 60, 121, 0, 1),
(967, 61, 109, 1, 1),
(968, 50, 109, 0, 1),
(969, 66, 109, 0, 1),
(970, 56, 96, 0, 0),
(971, 63, 96, 0, 1),
(972, 47, 96, 0, 1),
(973, 62, 96, 0, 0.25),
(974, 53, 96, 0, 0),
(975, 49, 96, 0, 0),
(976, 48, 96, 0, 0),
(977, 60, 96, 0, 0),
(978, 54, 96, 0, 0),
(979, 67, 96, 0, 1),
(980, 61, 96, 0, 0),
(981, 55, 96, 0, 0),
(982, 58, 96, 0, 0.25),
(983, 50, 96, 0, 0),
(984, 59, 96, 0, 0),
(985, 51, 96, 0, 0),
(986, 66, 96, 0, 0),
(987, 57, 96, 0, 0),
(988, 64, 96, 0, 0),
(989, 52, 96, 0, 0),
(990, 65, 96, 0, 0),
(991, 60, 122, 0, 1),
(992, 55, 122, 0, 1),
(993, 63, 123, 0, 1),
(994, 49, 123, 0, 1),
(995, 54, 123, 0, 1),
(996, 49, 105, 1, 1),
(997, 54, 105, 1, 1),
(998, 59, 105, 1, 1),
(999, 63, 103, 0, 0.25),
(1000, 56, 103, 0, 1),
(1001, 47, 103, 0, 1),
(1002, 62, 103, 0, 1),
(1003, 49, 103, 0, 0.25),
(1004, 54, 103, 0, 0.25),
(1005, 53, 103, 0, 0.25),
(1006, 58, 103, 0, 0.25),
(1007, 57, 103, 0, 0.25),
(1008, 63, 107, 0, 1),
(1009, 62, 107, 0, 1),
(1010, 49, 107, 0, 0.25),
(1011, 61, 107, 0, 1),
(1012, 54, 90, 0, 0.25),
(1013, 60, 90, 0, 1),
(1014, 67, 90, 0, 1),
(1015, 55, 90, 0, 0.25),
(1016, 63, 108, 0, 0.25),
(1017, 62, 108, 0, 1),
(1018, 60, 108, 1, 1),
(1019, 67, 108, 0, 0.25),
(1020, 61, 108, 0, 1),
(1024, 55, 114, 0, 1),
(1025, 50, 114, 0, 1),
(1026, 66, 114, 1, 1),
(1027, 63, 124, 0, 1),
(1028, 56, 124, 0, 1),
(1029, 47, 124, 0, 1),
(1030, 63, 84, 0, 1),
(1031, 47, 84, 0, 1),
(1032, 62, 84, 0, 1),
(1033, 57, 84, 0, 0.25),
(1034, 49, 87, 0, 1),
(1035, 48, 87, 0, 1),
(1036, 59, 87, 0, 1),
(1039, 49, 125, 1, 1),
(1040, 61, 125, 1, 1),
(1041, 48, 86, 1, 1),
(1042, 49, 86, 0, 1),
(1043, 54, 86, 0, 1),
(1044, 63, 86, 0, 0.25),
(1045, 62, 86, 0, 0.25),
(1046, 60, 86, 0, 0.25),
(1047, 53, 86, 0, 0.25),
(1048, 51, 86, 0, 0.25),
(1049, 56, 86, 0, 0),
(1050, 58, 86, 0, 0.25),
(1051, 47, 93, 0, 0.25),
(1052, 62, 93, 0, 1),
(1053, 61, 93, 0, 0.25),
(1054, 67, 93, 0, 1),
(1055, 55, 93, 0, 1),
(1056, 66, 93, 0, 0.25),
(1057, 63, 126, 1, 1),
(1058, 47, 126, 1, 1),
(1059, 56, 126, 1, 1),
(1060, 63, 94, 0, 1),
(1061, 47, 94, 0, 0.25),
(1062, 56, 94, 0, 0.25),
(1063, 62, 94, 0, 0.25),
(1064, 61, 94, 0, 0),
(1065, 67, 94, 0, 0),
(1066, 60, 94, 0, 0),
(1067, 55, 94, 0, 0),
(1068, 54, 94, 0, 0.25),
(1069, 48, 94, 0, 0),
(1070, 53, 94, 0, 0.25),
(1071, 50, 94, 0, 0),
(1072, 59, 94, 0, 0),
(1073, 66, 94, 0, 0),
(1074, 58, 94, 0, 0),
(1075, 51, 94, 1, 1),
(1076, 57, 94, 0, 0),
(1077, 64, 94, 0, 0),
(1078, 52, 94, 0, 0),
(1079, 65, 94, 0, 0),
(1080, 63, 127, 0, 0.25),
(1081, 47, 127, 0, 0.25),
(1082, 62, 127, 0, 0.25),
(1083, 49, 127, 0, 1),
(1084, 67, 127, 0, 1),
(1085, 57, 127, 0, 0.25);

